PREHOOK: query: drop table if exists t1
PREHOOK: type: DROPTABLE
POSTHOOK: query: drop table if exists t1
POSTHOOK: type: DROPTABLE
PREHOOK: query: drop table if exists t2
PREHOOK: type: DROPTABLE
POSTHOOK: query: drop table if exists t2
POSTHOOK: type: DROPTABLE
PREHOOK: query: drop table if exists t3
PREHOOK: type: DROPTABLE
POSTHOOK: query: drop table if exists t3
POSTHOOK: type: DROPTABLE
PREHOOK: query: drop table if exists t4
PREHOOK: type: DROPTABLE
POSTHOOK: query: drop table if exists t4
POSTHOOK: type: DROPTABLE
PREHOOK: query: drop table if exists t5
PREHOOK: type: DROPTABLE
POSTHOOK: query: drop table if exists t5
POSTHOOK: type: DROPTABLE
PREHOOK: query: drop table if exists t6
PREHOOK: type: DROPTABLE
POSTHOOK: query: drop table if exists t6
POSTHOOK: type: DROPTABLE
PREHOOK: query: create table t1(key string, value string, c_int int, c_float float, c_boolean boolean)  row format delimited fields terminated by ',' STORED AS TEXTFILE
PREHOOK: type: CREATETABLE
POSTHOOK: query: create table t1(key string, value string, c_int int, c_float float, c_boolean boolean)  row format delimited fields terminated by ',' STORED AS TEXTFILE
POSTHOOK: type: CREATETABLE
POSTHOOK: Output: default@t1
PREHOOK: query: create table t2(key string, value string, c_int int, c_float float, c_boolean boolean)  row format delimited fields terminated by ',' STORED AS TEXTFILE
PREHOOK: type: CREATETABLE
POSTHOOK: query: create table t2(key string, value string, c_int int, c_float float, c_boolean boolean)  row format delimited fields terminated by ',' STORED AS TEXTFILE
POSTHOOK: type: CREATETABLE
POSTHOOK: Output: default@t2
PREHOOK: query: create table t3(key string, value string, c_int int, c_float float, c_boolean boolean)  row format delimited fields terminated by ',' STORED AS TEXTFILE
PREHOOK: type: CREATETABLE
POSTHOOK: query: create table t3(key string, value string, c_int int, c_float float, c_boolean boolean)  row format delimited fields terminated by ',' STORED AS TEXTFILE
POSTHOOK: type: CREATETABLE
POSTHOOK: Output: default@t3
PREHOOK: query: create table t4(key string, value string, c_int int, c_float float, c_boolean boolean)  row format delimited fields terminated by ',' STORED AS TEXTFILE
PREHOOK: type: CREATETABLE
POSTHOOK: query: create table t4(key string, value string, c_int int, c_float float, c_boolean boolean)  row format delimited fields terminated by ',' STORED AS TEXTFILE
POSTHOOK: type: CREATETABLE
POSTHOOK: Output: default@t4
PREHOOK: query: create table t5(key string, value string, c_int int, c_float float, c_boolean boolean)  row format delimited fields terminated by ',' STORED AS TEXTFILE
PREHOOK: type: CREATETABLE
POSTHOOK: query: create table t5(key string, value string, c_int int, c_float float, c_boolean boolean)  row format delimited fields terminated by ',' STORED AS TEXTFILE
POSTHOOK: type: CREATETABLE
POSTHOOK: Output: default@t5
PREHOOK: query: create table t6(key string, value string, c_int int, c_float float, c_boolean boolean)  row format delimited fields terminated by ',' STORED AS TEXTFILE
PREHOOK: type: CREATETABLE
POSTHOOK: query: create table t6(key string, value string, c_int int, c_float float, c_boolean boolean)  row format delimited fields terminated by ',' STORED AS TEXTFILE
POSTHOOK: type: CREATETABLE
POSTHOOK: Output: default@t6
PREHOOK: query: load data local inpath '../../data/files/cbo_t1.txt' into table t1
PREHOOK: type: LOAD
PREHOOK: Output: default@t1
POSTHOOK: query: load data local inpath '../../data/files/cbo_t1.txt' into table t1
POSTHOOK: type: LOAD
POSTHOOK: Output: default@t1
PREHOOK: query: load data local inpath '../../data/files/cbo_t2.txt' into table t2
PREHOOK: type: LOAD
PREHOOK: Output: default@t2
POSTHOOK: query: load data local inpath '../../data/files/cbo_t2.txt' into table t2
POSTHOOK: type: LOAD
POSTHOOK: Output: default@t2
PREHOOK: query: load data local inpath '../../data/files/cbo_t3.txt' into table t3
PREHOOK: type: LOAD
PREHOOK: Output: default@t3
POSTHOOK: query: load data local inpath '../../data/files/cbo_t3.txt' into table t3
POSTHOOK: type: LOAD
POSTHOOK: Output: default@t3
PREHOOK: query: load data local inpath '../../data/files/cbo_t4.txt' into table t4
PREHOOK: type: LOAD
PREHOOK: Output: default@t4
POSTHOOK: query: load data local inpath '../../data/files/cbo_t4.txt' into table t4
POSTHOOK: type: LOAD
POSTHOOK: Output: default@t4
PREHOOK: query: load data local inpath '../../data/files/cbo_t5.txt' into table t5
PREHOOK: type: LOAD
PREHOOK: Output: default@t5
POSTHOOK: query: load data local inpath '../../data/files/cbo_t5.txt' into table t5
POSTHOOK: type: LOAD
POSTHOOK: Output: default@t5
PREHOOK: query: load data local inpath '../../data/files/cbo_t6.txt' into table t6
PREHOOK: type: LOAD
PREHOOK: Output: default@t6
POSTHOOK: query: load data local inpath '../../data/files/cbo_t6.txt' into table t6
POSTHOOK: type: LOAD
POSTHOOK: Output: default@t6
PREHOOK: query: analyze table t1 compute statistics
PREHOOK: type: QUERY
PREHOOK: Input: default@t1
PREHOOK: Output: default@t1
POSTHOOK: query: analyze table t1 compute statistics
POSTHOOK: type: QUERY
POSTHOOK: Input: default@t1
POSTHOOK: Output: default@t1
PREHOOK: query: analyze table t1 compute statistics for columns key, value, c_int, c_int, c_float, c_boolean
PREHOOK: type: QUERY
PREHOOK: Input: default@t1
#### A masked pattern was here ####
POSTHOOK: query: analyze table t1 compute statistics for columns key, value, c_int, c_int, c_float, c_boolean
POSTHOOK: type: QUERY
POSTHOOK: Input: default@t1
#### A masked pattern was here ####
PREHOOK: query: analyze table t2 compute statistics
PREHOOK: type: QUERY
PREHOOK: Input: default@t2
PREHOOK: Output: default@t2
POSTHOOK: query: analyze table t2 compute statistics
POSTHOOK: type: QUERY
POSTHOOK: Input: default@t2
POSTHOOK: Output: default@t2
PREHOOK: query: analyze table t2 compute statistics for columns key, value, c_int, c_int, c_float, c_boolean
PREHOOK: type: QUERY
PREHOOK: Input: default@t2
#### A masked pattern was here ####
POSTHOOK: query: analyze table t2 compute statistics for columns key, value, c_int, c_int, c_float, c_boolean
POSTHOOK: type: QUERY
POSTHOOK: Input: default@t2
#### A masked pattern was here ####
PREHOOK: query: analyze table t3 compute statistics
PREHOOK: type: QUERY
PREHOOK: Input: default@t3
PREHOOK: Output: default@t3
POSTHOOK: query: analyze table t3 compute statistics
POSTHOOK: type: QUERY
POSTHOOK: Input: default@t3
POSTHOOK: Output: default@t3
PREHOOK: query: analyze table t3 compute statistics for columns key, value, c_int, c_int, c_float, c_boolean
PREHOOK: type: QUERY
PREHOOK: Input: default@t3
#### A masked pattern was here ####
POSTHOOK: query: analyze table t3 compute statistics for columns key, value, c_int, c_int, c_float, c_boolean
POSTHOOK: type: QUERY
POSTHOOK: Input: default@t3
#### A masked pattern was here ####
PREHOOK: query: analyze table t4 compute statistics
PREHOOK: type: QUERY
PREHOOK: Input: default@t4
PREHOOK: Output: default@t4
POSTHOOK: query: analyze table t4 compute statistics
POSTHOOK: type: QUERY
POSTHOOK: Input: default@t4
POSTHOOK: Output: default@t4
PREHOOK: query: analyze table t4 compute statistics for columns key, value, c_int, c_int, c_float, c_boolean
PREHOOK: type: QUERY
PREHOOK: Input: default@t4
#### A masked pattern was here ####
POSTHOOK: query: analyze table t4 compute statistics for columns key, value, c_int, c_int, c_float, c_boolean
POSTHOOK: type: QUERY
POSTHOOK: Input: default@t4
#### A masked pattern was here ####
PREHOOK: query: analyze table t5 compute statistics
PREHOOK: type: QUERY
PREHOOK: Input: default@t5
PREHOOK: Output: default@t5
POSTHOOK: query: analyze table t5 compute statistics
POSTHOOK: type: QUERY
POSTHOOK: Input: default@t5
POSTHOOK: Output: default@t5
PREHOOK: query: analyze table t5 compute statistics for columns key, value, c_int, c_int, c_float, c_boolean
PREHOOK: type: QUERY
PREHOOK: Input: default@t5
#### A masked pattern was here ####
POSTHOOK: query: analyze table t5 compute statistics for columns key, value, c_int, c_int, c_float, c_boolean
POSTHOOK: type: QUERY
POSTHOOK: Input: default@t5
#### A masked pattern was here ####
PREHOOK: query: analyze table t6 compute statistics
PREHOOK: type: QUERY
PREHOOK: Input: default@t6
PREHOOK: Output: default@t6
POSTHOOK: query: analyze table t6 compute statistics
POSTHOOK: type: QUERY
POSTHOOK: Input: default@t6
POSTHOOK: Output: default@t6
PREHOOK: query: analyze table t6 compute statistics for columns key, value, c_int, c_int, c_float, c_boolean
PREHOOK: type: QUERY
PREHOOK: Input: default@t6
#### A masked pattern was here ####
POSTHOOK: query: analyze table t6 compute statistics for columns key, value, c_int, c_int, c_float, c_boolean
POSTHOOK: type: QUERY
POSTHOOK: Input: default@t6
#### A masked pattern was here ####
PREHOOK: query: -- Test Right Outer Joins
select t1.key, t2.value from t1 right outer join t2 on t1.key=t2.key
PREHOOK: type: QUERY
PREHOOK: Input: default@t1
PREHOOK: Input: default@t2
#### A masked pattern was here ####
POSTHOOK: query: -- Test Right Outer Joins
select t1.key, t2.value from t1 right outer join t2 on t1.key=t2.key
POSTHOOK: type: QUERY
POSTHOOK: Input: default@t1
POSTHOOK: Input: default@t2
#### A masked pattern was here ####
 1	 1
 1	 1
 1	 1
 1	 1
 1 	 1 
 1 	 1 
 1 	 1 
 1 	 1 
1	1
1	1
1	1
1	1
1	1
1	1
1	1
1	1
1	1
1	1
1	1
1	1
1	1
1	1
1	1
1	1
1	1
1	1
1	1
1	1
1	1
1	1
1	1
1	1
1	1
1	1
1	1
1	1
1	1
1	1
1	1
1	1
1	1
1	1
1	1
1	1
1	1
1	1
1	1
1	1
1	1
1	1
1	1
1	1
1	1
1	1
1	1
1	1
1	1
1	1
1	1
1	1
1	1
1	1
1	1
1	1
1	1
1	1
1	1
1	1
1	1
1	1
1	1
1	1
1	1
1	1
1	1
1	1
1	1
1	1
1	1
1	1
1	1
1	1
1	1
1	1
1	1
1	1
1	1
1	1
1	1
1	1
1	1
1	1
1 	1 
1 	1 
1 	1 
1 	1 
NULL	2
NULL	2
NULL	2
NULL	2
NULL	2
null	null
null	null
null	null
null	null
PREHOOK: query: select t1.key, t2.value from t1 right outer join t2 on t1.key=t2.key where t1.key > 0
PREHOOK: type: QUERY
PREHOOK: Input: default@t1
PREHOOK: Input: default@t2
#### A masked pattern was here ####
POSTHOOK: query: select t1.key, t2.value from t1 right outer join t2 on t1.key=t2.key where t1.key > 0
POSTHOOK: type: QUERY
POSTHOOK: Input: default@t1
POSTHOOK: Input: default@t2
#### A masked pattern was here ####
 1	 1
 1	 1
 1	 1
 1	 1
 1 	 1 
 1 	 1 
 1 	 1 
 1 	 1 
1	1
1	1
1	1
1	1
1	1
1	1
1	1
1	1
1	1
1	1
1	1
1	1
1	1
1	1
1	1
1	1
1	1
1	1
1	1
1	1
1	1
1	1
1	1
1	1
1	1
1	1
1	1
1	1
1	1
1	1
1	1
1	1
1	1
1	1
1	1
1	1
1	1
1	1
1	1
1	1
1	1
1	1
1	1
1	1
1	1
1	1
1	1
1	1
1	1
1	1
1	1
1	1
1	1
1	1
1	1
1	1
1	1
1	1
1	1
1	1
1	1
1	1
1	1
1	1
1	1
1	1
1	1
1	1
1	1
1	1
1	1
1	1
1	1
1	1
1	1
1	1
1	1
1	1
1	1
1	1
1	1
1	1
1	1
1	1
1 	1 
1 	1 
1 	1 
1 	1 
PREHOOK: query: select t1.key, t2.value from t1 right outer join t2 on t1.key=t2.key where t2.key > 0
PREHOOK: type: QUERY
PREHOOK: Input: default@t1
PREHOOK: Input: default@t2
#### A masked pattern was here ####
POSTHOOK: query: select t1.key, t2.value from t1 right outer join t2 on t1.key=t2.key where t2.key > 0
POSTHOOK: type: QUERY
POSTHOOK: Input: default@t1
POSTHOOK: Input: default@t2
#### A masked pattern was here ####
 1	 1
 1	 1
 1	 1
 1	 1
 1 	 1 
 1 	 1 
 1 	 1 
 1 	 1 
1	1
1	1
1	1
1	1
1	1
1	1
1	1
1	1
1	1
1	1
1	1
1	1
1	1
1	1
1	1
1	1
1	1
1	1
1	1
1	1
1	1
1	1
1	1
1	1
1	1
1	1
1	1
1	1
1	1
1	1
1	1
1	1
1	1
1	1
1	1
1	1
1	1
1	1
1	1
1	1
1	1
1	1
1	1
1	1
1	1
1	1
1	1
1	1
1	1
1	1
1	1
1	1
1	1
1	1
1	1
1	1
1	1
1	1
1	1
1	1
1	1
1	1
1	1
1	1
1	1
1	1
1	1
1	1
1	1
1	1
1	1
1	1
1	1
1	1
1	1
1	1
1	1
1	1
1	1
1	1
1	1
1	1
1	1
1	1
1 	1 
1 	1 
1 	1 
1 	1 
NULL	2
NULL	2
NULL	2
NULL	2
NULL	2
PREHOOK: query: select t1.key, t2.value from t1 right outer join t2 on t1.key=t2.key where t1.key > 0 or t2.key > 0
PREHOOK: type: QUERY
PREHOOK: Input: default@t1
PREHOOK: Input: default@t2
#### A masked pattern was here ####
POSTHOOK: query: select t1.key, t2.value from t1 right outer join t2 on t1.key=t2.key where t1.key > 0 or t2.key > 0
POSTHOOK: type: QUERY
POSTHOOK: Input: default@t1
POSTHOOK: Input: default@t2
#### A masked pattern was here ####
 1	 1
 1	 1
 1	 1
 1	 1
 1 	 1 
 1 	 1 
 1 	 1 
 1 	 1 
1	1
1	1
1	1
1	1
1	1
1	1
1	1
1	1
1	1
1	1
1	1
1	1
1	1
1	1
1	1
1	1
1	1
1	1
1	1
1	1
1	1
1	1
1	1
1	1
1	1
1	1
1	1
1	1
1	1
1	1
1	1
1	1
1	1
1	1
1	1
1	1
1	1
1	1
1	1
1	1
1	1
1	1
1	1
1	1
1	1
1	1
1	1
1	1
1	1
1	1
1	1
1	1
1	1
1	1
1	1
1	1
1	1
1	1
1	1
1	1
1	1
1	1
1	1
1	1
1	1
1	1
1	1
1	1
1	1
1	1
1	1
1	1
1	1
1	1
1	1
1	1
1	1
1	1
1	1
1	1
1	1
1	1
1	1
1	1
1 	1 
1 	1 
1 	1 
1 	1 
NULL	2
NULL	2
NULL	2
NULL	2
NULL	2
PREHOOK: query: select t1.key, t2.value from t1 right outer join t2 on t1.key=t2.key where (t1.key > 0 or t2.key > 0) and (t1.c_float + t2.c_float > 1)
PREHOOK: type: QUERY
PREHOOK: Input: default@t1
PREHOOK: Input: default@t2
#### A masked pattern was here ####
POSTHOOK: query: select t1.key, t2.value from t1 right outer join t2 on t1.key=t2.key where (t1.key > 0 or t2.key > 0) and (t1.c_float + t2.c_float > 1)
POSTHOOK: type: QUERY
POSTHOOK: Input: default@t1
POSTHOOK: Input: default@t2
#### A masked pattern was here ####
 1	 1
 1	 1
 1	 1
 1	 1
 1 	 1 
 1 	 1 
 1 	 1 
 1 	 1 
1	1
1	1
1	1
1	1
1	1
1	1
1	1
1	1
1	1
1	1
1	1
1	1
1	1
1	1
1	1
1	1
1	1
1	1
1	1
1	1
1	1
1	1
1	1
1	1
1	1
1	1
1	1
1	1
1	1
1	1
1	1
1	1
1	1
1	1
1	1
1	1
1	1
1	1
1	1
1	1
1	1
1	1
1	1
1	1
1	1
1	1
1	1
1	1
1	1
1	1
1	1
1	1
1	1
1	1
1	1
1	1
1	1
1	1
1	1
1	1
1	1
1	1
1	1
1	1
1	1
1	1
1	1
1	1
1	1
1	1
1	1
1	1
1	1
1	1
1	1
1	1
1	1
1	1
1	1
1	1
1	1
1	1
1	1
1	1
1 	1 
1 	1 
1 	1 
1 	1 
PREHOOK: query: select t1.key, t2.value from t1 right outer join t2 on t1.key=t2.key where (t1.key > 0 or t2.key > 0) or (t1.c_float + t2.c_float > 1)
PREHOOK: type: QUERY
PREHOOK: Input: default@t1
PREHOOK: Input: default@t2
#### A masked pattern was here ####
POSTHOOK: query: select t1.key, t2.value from t1 right outer join t2 on t1.key=t2.key where (t1.key > 0 or t2.key > 0) or (t1.c_float + t2.c_float > 1)
POSTHOOK: type: QUERY
POSTHOOK: Input: default@t1
POSTHOOK: Input: default@t2
#### A masked pattern was here ####
 1	 1
 1	 1
 1	 1
 1	 1
 1 	 1 
 1 	 1 
 1 	 1 
 1 	 1 
1	1
1	1
1	1
1	1
1	1
1	1
1	1
1	1
1	1
1	1
1	1
1	1
1	1
1	1
1	1
1	1
1	1
1	1
1	1
1	1
1	1
1	1
1	1
1	1
1	1
1	1
1	1
1	1
1	1
1	1
1	1
1	1
1	1
1	1
1	1
1	1
1	1
1	1
1	1
1	1
1	1
1	1
1	1
1	1
1	1
1	1
1	1
1	1
1	1
1	1
1	1
1	1
1	1
1	1
1	1
1	1
1	1
1	1
1	1
1	1
1	1
1	1
1	1
1	1
1	1
1	1
1	1
1	1
1	1
1	1
1	1
1	1
1	1
1	1
1	1
1	1
1	1
1	1
1	1
1	1
1	1
1	1
1	1
1	1
1 	1 
1 	1 
1 	1 
1 	1 
NULL	2
NULL	2
NULL	2
NULL	2
NULL	2
PREHOOK: query: -- Test Right Outer Joins with Subqueries
select t1.key, t2.value from (select key, value, c_float from t1)t1 right outer join (select key, value, c_float from t2)t2 on t1.key=t2.key
PREHOOK: type: QUERY
PREHOOK: Input: default@t1
PREHOOK: Input: default@t2
#### A masked pattern was here ####
POSTHOOK: query: -- Test Right Outer Joins with Subqueries
select t1.key, t2.value from (select key, value, c_float from t1)t1 right outer join (select key, value, c_float from t2)t2 on t1.key=t2.key
POSTHOOK: type: QUERY
POSTHOOK: Input: default@t1
POSTHOOK: Input: default@t2
#### A masked pattern was here ####
 1	 1
 1	 1
 1	 1
 1	 1
 1 	 1 
 1 	 1 
 1 	 1 
 1 	 1 
1	1
1	1
1	1
1	1
1	1
1	1
1	1
1	1
1	1
1	1
1	1
1	1
1	1
1	1
1	1
1	1
1	1
1	1
1	1
1	1
1	1
1	1
1	1
1	1
1	1
1	1
1	1
1	1
1	1
1	1
1	1
1	1
1	1
1	1
1	1
1	1
1	1
1	1
1	1
1	1
1	1
1	1
1	1
1	1
1	1
1	1
1	1
1	1
1	1
1	1
1	1
1	1
1	1
1	1
1	1
1	1
1	1
1	1
1	1
1	1
1	1
1	1
1	1
1	1
1	1
1	1
1	1
1	1
1	1
1	1
1	1
1	1
1	1
1	1
1	1
1	1
1	1
1	1
1	1
1	1
1	1
1	1
1	1
1	1
1 	1 
1 	1 
1 	1 
1 	1 
NULL	2
NULL	2
NULL	2
NULL	2
NULL	2
null	null
null	null
null	null
null	null
PREHOOK: query: select t1.key, t2.value from (select key, value, c_float from t1)t1 right outer join (select key, value, c_float from t2)t2 on t1.key=t2.key where t1.key > 0
PREHOOK: type: QUERY
PREHOOK: Input: default@t1
PREHOOK: Input: default@t2
#### A masked pattern was here ####
POSTHOOK: query: select t1.key, t2.value from (select key, value, c_float from t1)t1 right outer join (select key, value, c_float from t2)t2 on t1.key=t2.key where t1.key > 0
POSTHOOK: type: QUERY
POSTHOOK: Input: default@t1
POSTHOOK: Input: default@t2
#### A masked pattern was here ####
 1	 1
 1	 1
 1	 1
 1	 1
 1 	 1 
 1 	 1 
 1 	 1 
 1 	 1 
1	1
1	1
1	1
1	1
1	1
1	1
1	1
1	1
1	1
1	1
1	1
1	1
1	1
1	1
1	1
1	1
1	1
1	1
1	1
1	1
1	1
1	1
1	1
1	1
1	1
1	1
1	1
1	1
1	1
1	1
1	1
1	1
1	1
1	1
1	1
1	1
1	1
1	1
1	1
1	1
1	1
1	1
1	1
1	1
1	1
1	1
1	1
1	1
1	1
1	1
1	1
1	1
1	1
1	1
1	1
1	1
1	1
1	1
1	1
1	1
1	1
1	1
1	1
1	1
1	1
1	1
1	1
1	1
1	1
1	1
1	1
1	1
1	1
1	1
1	1
1	1
1	1
1	1
1	1
1	1
1	1
1	1
1	1
1	1
1 	1 
1 	1 
1 	1 
1 	1 
PREHOOK: query: select t1.key, t2.value from (select key, value, c_float from t1)t1 right outer join (select key, value, c_float from t2)t2 on t1.key=t2.key where t2.key > 0
PREHOOK: type: QUERY
PREHOOK: Input: default@t1
PREHOOK: Input: default@t2
#### A masked pattern was here ####
POSTHOOK: query: select t1.key, t2.value from (select key, value, c_float from t1)t1 right outer join (select key, value, c_float from t2)t2 on t1.key=t2.key where t2.key > 0
POSTHOOK: type: QUERY
POSTHOOK: Input: default@t1
POSTHOOK: Input: default@t2
#### A masked pattern was here ####
 1	 1
 1	 1
 1	 1
 1	 1
 1 	 1 
 1 	 1 
 1 	 1 
 1 	 1 
1	1
1	1
1	1
1	1
1	1
1	1
1	1
1	1
1	1
1	1
1	1
1	1
1	1
1	1
1	1
1	1
1	1
1	1
1	1
1	1
1	1
1	1
1	1
1	1
1	1
1	1
1	1
1	1
1	1
1	1
1	1
1	1
1	1
1	1
1	1
1	1
1	1
1	1
1	1
1	1
1	1
1	1
1	1
1	1
1	1
1	1
1	1
1	1
1	1
1	1
1	1
1	1
1	1
1	1
1	1
1	1
1	1
1	1
1	1
1	1
1	1
1	1
1	1
1	1
1	1
1	1
1	1
1	1
1	1
1	1
1	1
1	1
1	1
1	1
1	1
1	1
1	1
1	1
1	1
1	1
1	1
1	1
1	1
1	1
1 	1 
1 	1 
1 	1 
1 	1 
NULL	2
NULL	2
NULL	2
NULL	2
NULL	2
PREHOOK: query: select t1.key, t2.value from (select key, value, c_float from t1)t1 right outer join (select key, value, c_float from t2)t2 on t1.key=t2.key where t1.key > 0 or t2.key > 0
PREHOOK: type: QUERY
PREHOOK: Input: default@t1
PREHOOK: Input: default@t2
#### A masked pattern was here ####
POSTHOOK: query: select t1.key, t2.value from (select key, value, c_float from t1)t1 right outer join (select key, value, c_float from t2)t2 on t1.key=t2.key where t1.key > 0 or t2.key > 0
POSTHOOK: type: QUERY
POSTHOOK: Input: default@t1
POSTHOOK: Input: default@t2
#### A masked pattern was here ####
 1	 1
 1	 1
 1	 1
 1	 1
 1 	 1 
 1 	 1 
 1 	 1 
 1 	 1 
1	1
1	1
1	1
1	1
1	1
1	1
1	1
1	1
1	1
1	1
1	1
1	1
1	1
1	1
1	1
1	1
1	1
1	1
1	1
1	1
1	1
1	1
1	1
1	1
1	1
1	1
1	1
1	1
1	1
1	1
1	1
1	1
1	1
1	1
1	1
1	1
1	1
1	1
1	1
1	1
1	1
1	1
1	1
1	1
1	1
1	1
1	1
1	1
1	1
1	1
1	1
1	1
1	1
1	1
1	1
1	1
1	1
1	1
1	1
1	1
1	1
1	1
1	1
1	1
1	1
1	1
1	1
1	1
1	1
1	1
1	1
1	1
1	1
1	1
1	1
1	1
1	1
1	1
1	1
1	1
1	1
1	1
1	1
1	1
1 	1 
1 	1 
1 	1 
1 	1 
NULL	2
NULL	2
NULL	2
NULL	2
NULL	2
PREHOOK: query: select t1.key, t2.value from (select key, value, c_float from t1)t1 right outer join (select key, value, c_float from t2)t2 on t1.key=t2.key where (t1.key > 0 or t2.key > 0) and (t1.c_float + t2.c_float > 1)
PREHOOK: type: QUERY
PREHOOK: Input: default@t1
PREHOOK: Input: default@t2
#### A masked pattern was here ####
POSTHOOK: query: select t1.key, t2.value from (select key, value, c_float from t1)t1 right outer join (select key, value, c_float from t2)t2 on t1.key=t2.key where (t1.key > 0 or t2.key > 0) and (t1.c_float + t2.c_float > 1)
POSTHOOK: type: QUERY
POSTHOOK: Input: default@t1
POSTHOOK: Input: default@t2
#### A masked pattern was here ####
 1	 1
 1	 1
 1	 1
 1	 1
 1 	 1 
 1 	 1 
 1 	 1 
 1 	 1 
1	1
1	1
1	1
1	1
1	1
1	1
1	1
1	1
1	1
1	1
1	1
1	1
1	1
1	1
1	1
1	1
1	1
1	1
1	1
1	1
1	1
1	1
1	1
1	1
1	1
1	1
1	1
1	1
1	1
1	1
1	1
1	1
1	1
1	1
1	1
1	1
1	1
1	1
1	1
1	1
1	1
1	1
1	1
1	1
1	1
1	1
1	1
1	1
1	1
1	1
1	1
1	1
1	1
1	1
1	1
1	1
1	1
1	1
1	1
1	1
1	1
1	1
1	1
1	1
1	1
1	1
1	1
1	1
1	1
1	1
1	1
1	1
1	1
1	1
1	1
1	1
1	1
1	1
1	1
1	1
1	1
1	1
1	1
1	1
1 	1 
1 	1 
1 	1 
1 	1 
PREHOOK: query: select t1.key, t2.value from (select key, value, c_float from t1)t1 right outer join (select key, value, c_float from t2)t2 on t1.key=t2.key where (t1.key > 0 or t2.key > 0) or (t1.c_float + t2.c_float > 1)
PREHOOK: type: QUERY
PREHOOK: Input: default@t1
PREHOOK: Input: default@t2
#### A masked pattern was here ####
POSTHOOK: query: select t1.key, t2.value from (select key, value, c_float from t1)t1 right outer join (select key, value, c_float from t2)t2 on t1.key=t2.key where (t1.key > 0 or t2.key > 0) or (t1.c_float + t2.c_float > 1)
POSTHOOK: type: QUERY
POSTHOOK: Input: default@t1
POSTHOOK: Input: default@t2
#### A masked pattern was here ####
 1	 1
 1	 1
 1	 1
 1	 1
 1 	 1 
 1 	 1 
 1 	 1 
 1 	 1 
1	1
1	1
1	1
1	1
1	1
1	1
1	1
1	1
1	1
1	1
1	1
1	1
1	1
1	1
1	1
1	1
1	1
1	1
1	1
1	1
1	1
1	1
1	1
1	1
1	1
1	1
1	1
1	1
1	1
1	1
1	1
1	1
1	1
1	1
1	1
1	1
1	1
1	1
1	1
1	1
1	1
1	1
1	1
1	1
1	1
1	1
1	1
1	1
1	1
1	1
1	1
1	1
1	1
1	1
1	1
1	1
1	1
1	1
1	1
1	1
1	1
1	1
1	1
1	1
1	1
1	1
1	1
1	1
1	1
1	1
1	1
1	1
1	1
1	1
1	1
1	1
1	1
1	1
1	1
1	1
1	1
1	1
1	1
1	1
1 	1 
1 	1 
1 	1 
1 	1 
NULL	2
NULL	2
NULL	2
NULL	2
NULL	2
PREHOOK: query: -- Test Right Outer Joins with Subqueries using predicates, GB, OB, LIMIT
select t1.key, t2.value from (select key, value, c_float from t1 where t1.c_float*10 > c_int group by key, value, c_float order by key limit 10)t1 right outer join (select key, value, c_float from t2 where t2.c_float*10 > c_int  group by key, value, c_float order by key limit 10)t2 on t1.key=t2.key
PREHOOK: type: QUERY
PREHOOK: Input: default@t1
PREHOOK: Input: default@t2
#### A masked pattern was here ####
POSTHOOK: query: -- Test Right Outer Joins with Subqueries using predicates, GB, OB, LIMIT
select t1.key, t2.value from (select key, value, c_float from t1 where t1.c_float*10 > c_int group by key, value, c_float order by key limit 10)t1 right outer join (select key, value, c_float from t2 where t2.c_float*10 > c_int  group by key, value, c_float order by key limit 10)t2 on t1.key=t2.key
POSTHOOK: type: QUERY
POSTHOOK: Input: default@t1
POSTHOOK: Input: default@t2
#### A masked pattern was here ####
 1	 1
 1 	 1 
1	1
1 	1 
NULL	2
PREHOOK: query: select t1.key, t2.value from (select key, value, c_float from t1 where t1.c_float*10 > c_int group by key, value, c_float order by key limit 10)t1 right outer join (select key, value, c_float from t2 where t2.c_float*10 > c_int group by key, value, c_float order by key limit 10)t2 on t1.key=t2.key where t1.key > 0
PREHOOK: type: QUERY
PREHOOK: Input: default@t1
PREHOOK: Input: default@t2
#### A masked pattern was here ####
POSTHOOK: query: select t1.key, t2.value from (select key, value, c_float from t1 where t1.c_float*10 > c_int group by key, value, c_float order by key limit 10)t1 right outer join (select key, value, c_float from t2 where t2.c_float*10 > c_int group by key, value, c_float order by key limit 10)t2 on t1.key=t2.key where t1.key > 0
POSTHOOK: type: QUERY
POSTHOOK: Input: default@t1
POSTHOOK: Input: default@t2
#### A masked pattern was here ####
 1	 1
 1 	 1 
1	1
1 	1 
PREHOOK: query: select t1.key, t2.value from (select key, value, c_float from t1 where t1.c_float*10 > c_int group by key, value, c_float order by key limit 10)t1 right outer join (select key, value, c_float from t2 where t2.c_float*10 > c_int group by key, value, c_float order by key limit 10)t2 on t1.key=t2.key where t2.key > 0
PREHOOK: type: QUERY
PREHOOK: Input: default@t1
PREHOOK: Input: default@t2
#### A masked pattern was here ####
POSTHOOK: query: select t1.key, t2.value from (select key, value, c_float from t1 where t1.c_float*10 > c_int group by key, value, c_float order by key limit 10)t1 right outer join (select key, value, c_float from t2 where t2.c_float*10 > c_int group by key, value, c_float order by key limit 10)t2 on t1.key=t2.key where t2.key > 0
POSTHOOK: type: QUERY
POSTHOOK: Input: default@t1
POSTHOOK: Input: default@t2
#### A masked pattern was here ####
 1	 1
 1 	 1 
1	1
1 	1 
NULL	2
PREHOOK: query: select t1.key, t2.value from (select key, value, c_float from t1 where t1.c_float*10 > c_int group by key, value, c_float order by key limit 10)t1 right outer join (select key, value, c_float from t2 where t2.c_float*10 > c_int group by key, value, c_float order by key limit 10)t2 on t1.key=t2.key where t1.key > 0 or t2.key > 0
PREHOOK: type: QUERY
PREHOOK: Input: default@t1
PREHOOK: Input: default@t2
#### A masked pattern was here ####
POSTHOOK: query: select t1.key, t2.value from (select key, value, c_float from t1 where t1.c_float*10 > c_int group by key, value, c_float order by key limit 10)t1 right outer join (select key, value, c_float from t2 where t2.c_float*10 > c_int group by key, value, c_float order by key limit 10)t2 on t1.key=t2.key where t1.key > 0 or t2.key > 0
POSTHOOK: type: QUERY
POSTHOOK: Input: default@t1
POSTHOOK: Input: default@t2
#### A masked pattern was here ####
 1	 1
 1 	 1 
1	1
1 	1 
NULL	2
PREHOOK: query: select t1.key, t2.value from (select key, value, c_float from t1 where t1.c_float*10 > c_int group by key, value, c_float order by key limit 10)t1 right outer join (select key, value, c_float from t2 where t2.c_float*10 > c_int group by key, value, c_float order by key limit 10)t2 on t1.key=t2.key where (t1.key > 0 or t2.key > 0) and (t1.c_float + t2.c_float > 1)
PREHOOK: type: QUERY
PREHOOK: Input: default@t1
PREHOOK: Input: default@t2
#### A masked pattern was here ####
POSTHOOK: query: select t1.key, t2.value from (select key, value, c_float from t1 where t1.c_float*10 > c_int group by key, value, c_float order by key limit 10)t1 right outer join (select key, value, c_float from t2 where t2.c_float*10 > c_int group by key, value, c_float order by key limit 10)t2 on t1.key=t2.key where (t1.key > 0 or t2.key > 0) and (t1.c_float + t2.c_float > 1)
POSTHOOK: type: QUERY
POSTHOOK: Input: default@t1
POSTHOOK: Input: default@t2
#### A masked pattern was here ####
 1	 1
 1 	 1 
1	1
1 	1 
PREHOOK: query: select t1.key, t2.value from (select key, value, c_float from t1 where t1.c_float*10 > c_int group by key, value, c_float order by key limit 10)t1 right outer join (select key, value, c_float from t2 where t2.c_float*10 > c_int group by key, value, c_float order by key limit 10)t2 on t1.key=t2.key where (t1.key > 0 or t2.key > 0) or (t1.c_float + t2.c_float > 1)
PREHOOK: type: QUERY
PREHOOK: Input: default@t1
PREHOOK: Input: default@t2
#### A masked pattern was here ####
POSTHOOK: query: select t1.key, t2.value from (select key, value, c_float from t1 where t1.c_float*10 > c_int group by key, value, c_float order by key limit 10)t1 right outer join (select key, value, c_float from t2 where t2.c_float*10 > c_int group by key, value, c_float order by key limit 10)t2 on t1.key=t2.key where (t1.key > 0 or t2.key > 0) or (t1.c_float + t2.c_float > 1)
POSTHOOK: type: QUERY
POSTHOOK: Input: default@t1
POSTHOOK: Input: default@t2
#### A masked pattern was here ####
 1	 1
 1 	 1 
1	1
1 	1 
NULL	2
